Invoice Number	Account Name
FR-0060886	Bayze
FR-0062036	Hybrid Tech Solutions Ltd.
FR-0062453	GI Digital
FR-0062801	GoLogic
FR-0063090	XFL
FR-0063970	Niloom.ai
FR-0064739	Groundswell
FR-0064845	Cross Insurance
FR-0064897	Hawx Smart Pest Control
FR-0067051	Oasys Health, Inc.
FR-0067975	BlueJam
FR-0067987	Arlo
FR-0068085	Veriswap Inc
FR-0068093	Element Science
FR-0068110	Park West Asset Management LLC
FR-0068305	G2
FR-0068340	EngineBI
FR-0068404	AFrameSoftware, LLC
FR-0068592	Quis Inc.
FR-0068604	movixtech.com
FR-0068617	Ragie Corp
FR-0068659	peblla.com
FR-0068682	Indigo
FR-0068689	Envoi
FR-0068754	Popstock
FR-0069064	Sonoran Sleep Center
FR-0069067	Omnia Markets, Inc.
FR-0069124	Vocal Clarity, Inc.
FR-0069205	Linklegals
FR-0069223	eData Services US, LLC
FR-0069313	Boom AI
FR-0069321	Evolve Media AI
FR-0069364	Easton Digital
FR-0069588	Roin inc.
FR-0069610	Hillspire
FR-0069622	Grapefruit Health
FR-0070114	VividClone.AI
FR-0070134	WedgeHR
FR-0070135	Woopie Language
FR-0070137	Agri Flight LLC
FR-0070230	RedwoodAI LLC
FR-0070231	Trinity Underwriting Managers
FR-0070238	LightSail Technologies, Inc.
GGL01	Google
GGL02	Google